{
	"AssetInfoVersion": 2,
	"ShaderCodeToAssets": [
		{
			"ShaderMapHash": "3C38407CDC69B96A9C50A4DA3B221DED3C77CB47",
			"Assets": [
				"/Engine/EngineMaterials/PhAT_JointLimitMaterial"
			]
		},
		{
			"ShaderMapHash": "A2C097021E9B39610D55033ED6D2A4F270CD9EC6",
			"Assets": [
				"/Engine/EngineMaterials/GizmoMaterial"
			]
		},
		{
			"ShaderMapHash": "693F5D8441932DCA3C010659E10D80AA4CFED6FC",
			"Assets": [
				"/Engine/EngineMaterials/M_InvalidLightmapSettings"
			]
		},
		{
			"ShaderMapHash": "C4359193E47C063A73C0B6249DA498374AA7DCFA",
			"Assets": [
				"/Engine/EngineMaterials/EmissiveMeshMaterial"
			]
		},
		{
			"ShaderMapHash": "8D7D8117754FBCB3E6EAF4484CB55FBB0B7F49DB",
			"Assets": [
				"/Engine/EngineDebugMaterials/DebugMeshMaterial"
			]
		},
		{
			"ShaderMapHash": "1DE5B3C3078204FBD8C2559DA141189D5E37777E",
			"Assets": [
				"/Engine/EngineMaterials/RemoveSurfaceMaterial"
			]
		},
		{
			"ShaderMapHash": "7B48EFA7785D362B0DE4CE89C337822BE851F69E",
			"Assets": [
				"/OculusVR/Materials/TouchForQuestRiftSControllerMaterial"
			]
		},
		{
			"ShaderMapHash": "70184CFFFB116A6DED3282DDC17BBBB75B712D41",
			"Assets": [
				"/OculusVR/Materials/touchController_mat"
			]
		},
		{
			"ShaderMapHash": "3E88D05642439823638181EBE6EAD4401D3AFD46",
			"Assets": [
				"/OculusVR/Materials/OculusMR_OpaqueColoredMaterial",
				"/Engine/ArtTools/RenderToTexture/Materials/Debug/M_Emissive_Color"
			]
		},
		{
			"ShaderMapHash": "2266C9E402E8BFB54E7D599DF2BE9C8C130D003F",
			"Assets": [
				"/OculusVR/Materials/OculusMR_ChromaKey"
			]
		},
		{
			"ShaderMapHash": "E6C881C4367A017C30CB5E1C97A435C113595511",
			"Assets": [
				"/SpeedTreeImporter/SpeedTree9/SpeedTreeBillboardMaster"
			]
		},
		{
			"ShaderMapHash": "A954F8FBE7BFB625D53290FA0E043AE0D60F25A7",
			"Assets": [
				"/SpeedTreeImporter/SpeedTree9/SpeedTreeMaster"
			]
		},
		{
			"ShaderMapHash": "634BE28D834184364042562DF8D2C9F628C4777D",
			"Assets": [
				"/OpenXR/Devices/GoogleDaydream/MI_GoogleDaydream",
				"/OpenXR/Devices/MicrosoftMixedReality/MI_MicrosoftMixedReality",
				"/OpenXR/Devices/OculusTouch/MI_OculusTouch",
				"/OpenXR/Devices/ValveIndex/Left/MI_left_ValveIndex",
				"/OpenXR/Devices/OculusTouch_v2/MI_OculusTouch_v2",
				"/OpenXR/Devices/OculusTouch_v3/MI_OculusTouch_v3"
			]
		},
		{
			"ShaderMapHash": "11528503F2FADD1013D8803561433D655227459B",
			"Assets": [
				"/OpenXR/Devices/ValveIndex/Right/MI_right_ValveIndex"
			]
		},
		{
			"ShaderMapHash": "17AE3D86A09501D585721FA2DEE9909ECFE45EF3",
			"Assets": [
				"/OpenXR/Devices/M_XRController"
			]
		},
		{
			"ShaderMapHash": "55691DB30875E073E96ED8309D594252A7C2E2A9",
			"Assets": [
				"/Engine/EngineDebugMaterials/M_VolumeRenderSphereTracePP"
			]
		},
		{
			"ShaderMapHash": "31092181B2311DF8BFEFC02342BF71F96DDB0AC4",
			"Assets": [
				"/Engine/EngineDebugMaterials/WireframeMaterial"
			]
		},
		{
			"ShaderMapHash": "390CDBF1087A3BD7F6C4AC756A31D2EFF50EB629",
			"Assets": [
				"/Engine/EngineDebugMaterials/VertexColorMaterial"
			]
		},
		{
			"ShaderMapHash": "EFA0ABFC95AAB7148BE65BAC8E4D403FA1C0640F",
			"Assets": [
				"/Engine/EngineMaterials/DefaultMaterial"
			]
		},
		{
			"ShaderMapHash": "EA0F6AC7299BB7FEB5AA62C8CF6E1B66AF8EC6B6",
			"Assets": [
				"/Paper2D/OpaqueUnlitSpriteMaterial"
			]
		},
		{
			"ShaderMapHash": "A714AEA3AB59E5E1063F5B045D9645674EC299E9",
			"Assets": [
				"/Paper2D/DefaultSpriteMaterial"
			]
		},
		{
			"ShaderMapHash": "4131408FCDC8DBD3F5D0F64AD1F0D9AC3ED13F71",
			"Assets": [
				"/OculusVR/Materials/PokeAHoleMaterial"
			]
		},
		{
			"ShaderMapHash": "EDD9ADA24C2458F03EE9B1332FD26BB86BBD80AA",
			"Assets": [
				"/Engine/EngineDebugMaterials/M_SimpleUnlitTranslucent"
			]
		},
		{
			"ShaderMapHash": "BDB6049078966B7E0BE2307A7474CF8D1CB2FB85",
			"Assets": [
				"/Engine/EditorMaterials/Camera/CineMat"
			]
		},
		{
			"ShaderMapHash": "DD30E89915AE2462924A4213E7BCDD2694D8C9AA",
			"Assets": [
				"/Engine/VREditor/TransformGizmo/TranslucentTransformGizmoMaterial"
			]
		},
		{
			"ShaderMapHash": "172D354B2E688E8694B4B56AA1A24E7CE17FFAB6",
			"Assets": [
				"/Engine/VREditor/TransformGizmo/TransformGizmoMaterial"
			]
		},
		{
			"ShaderMapHash": "F50CB4809F30B28444E9A8162646CD4396B7E073",
			"Assets": [
				"/Engine/EngineMaterials/Widget3DPassThrough_Masked_OneSided"
			]
		},
		{
			"ShaderMapHash": "6BE9EFACC4C3FB18F9DF805F9146228150B7FFD2",
			"Assets": [
				"/Engine/EngineMaterials/Widget3DPassThrough_Masked"
			]
		},
		{
			"ShaderMapHash": "A3425B7B6BE14F897DA870ADD0BA4C022D47C073",
			"Assets": [
				"/Engine/EngineMaterials/Widget3DPassThrough_Opaque_OneSided"
			]
		},
		{
			"ShaderMapHash": "F5414245F4D31163D035B55938C5737CCEBB355E",
			"Assets": [
				"/Engine/EngineMaterials/Widget3DPassThrough_Opaque"
			]
		},
		{
			"ShaderMapHash": "756823B80E02934AEFFBFFB5B3C64ECDEFEC5CF6",
			"Assets": [
				"/Engine/EngineMaterials/Widget3DPassThrough_Translucent_OneSided",
				"/Engine/EngineMaterials/Widget3DPassThrough"
			]
		},
		{
			"ShaderMapHash": "D1CDE5662FED22405E7A4E13F4C26CCBBD37DEB7",
			"Assets": [
				"/Engine/EngineMaterials/Widget3DPassThrough_Translucent"
			]
		},
		{
			"ShaderMapHash": "6CB5CAC2EF8223107EA2B21906291F541215A3CF",
			"Assets": [
				"/Engine/VREditor/TransformGizmo/Xray"
			]
		},
		{
			"ShaderMapHash": "7AC6A1390AF3DBB7E84E8B4A480B7C7EA824BE87",
			"Assets": [
				"/Engine/VREditor/TransformGizmo/Main"
			]
		},
		{
			"ShaderMapHash": "14DAEDE5D017A5B05D9C06BE65F40ACF062368C6",
			"Assets": [
				"/Engine/EngineMaterials/BaseFlattenMaterial"
			]
		},
		{
			"ShaderMapHash": "2D004EBC46FA930DC5EEB476F7B9347C43CA9F1B",
			"Assets": [
				"/Engine/EngineSky/VolumetricClouds/m_SimpleVolumetricCloud"
			]
		},
		{
			"ShaderMapHash": "78B65C37765E95A0B8DBA0C072BEE3403C871CDA",
			"Assets": [
				"/Engine/EngineMaterials/DefaultPostProcessMaterial"
			]
		},
		{
			"ShaderMapHash": "FC8D4E9DEB8E73CD3762EB1B60D28353B51F2E41",
			"Assets": [
				"/Engine/EngineMaterials/DefaultLightFunctionMaterial"
			]
		},
		{
			"ShaderMapHash": "12C1F1A235C8BA81EC4F2D0CFB449FF28BCCEE3F",
			"Assets": [
				"/Engine/EngineMaterials/DefaultDeferredDecalMaterial"
			]
		},
		{
			"ShaderMapHash": "7B77059808207F1E9A50633FEE88CFD5F758DA9A",
			"Assets": [
				"/Engine/EngineMaterials/WorldGridMaterial"
			]
		},
		{
			"ShaderMapHash": "24C433FACF74298D2606D7B0639A88B8B135B9A2",
			"Assets": [
				"/Engine/EngineMaterials/DefaultTextMaterialOpaque"
			]
		},
		{
			"ShaderMapHash": "C6BF47CB64F752FCE9305259E653EACD3344D89A",
			"Assets": [
				"/Engine/EngineMaterials/PPM_DefaultCalibrationGrayscale"
			]
		},
		{
			"ShaderMapHash": "D3E10B53B3CB7909C26F37653C968C68F61B4A4D",
			"Assets": [
				"/Engine/EngineMaterials/PPM_DefaultCalibrationColor"
			]
		},
		{
			"ShaderMapHash": "6D966E5C41CF95F7429D1D0F70508D19DCFA4D60",
			"Assets": [
				"/Engine/EditorMaterials/PreviewShadowIndicatorMaterial"
			]
		},
		{
			"ShaderMapHash": "5532C31F2D3986334CDEFCBF4E1201FB6D4D6B00",
			"Assets": [
				"/Engine/EngineDebugMaterials/DebugEditorMaterial"
			]
		}
	]
}